Workbook

Sheet 🏠 Welcome
B2: Bold & Balanced Wedding Bible
B4: Modern Luxury Wedding Planning System · Google Sheets Edition
B6: Bride / Partner 1: | E6: Wedding Date:
B7: Groom / Partner 2: | E7: Venue:
B9: QUICK NAVIGATION
C10: 📊 Budget Dashboard | E10: 💍 Budget Detail
C11: 👥 Guest List & RSVPs | E11: 🏢 Vendor Tracker
C12: ⏰ Day-of Timeline | E12: ✅ Master Checklist
C13: 💐 Bridal Party | E13: 🪑 Seating Chart
C14: 🎁 Gift Registry | E14: ✈️ Honeymoon

Sheet 📊 Budget Dashboard
B2: BUDGET DASHBOARD
D4: Total Budget | E4: Total Spent | F4: Remaining | G4: % Used
D5: ='💍 Budget Detail'!D3 | E5: =SUMIF('💍 Budget Detail'!C8:C50,"<>","'💍 Budget Detail'!E8:E50") | F5: ='📊 Budget Dashboard'!D5-'📊 Budget Dashboard'!E5 | G5: =IF('📊 Budget Dashboard'!D5>0,'📊 Budget Dashboard'!E5/'📊 Budget Dashboard'!D5,0)
B7: SPENDING BY CATEGORY
C8: CATEGORY | D8: BUDGETED | E8: ACTUAL | F8: DIFFERENCE | G8: % OF BUDGET
C9: Venue | D9: =IFERROR(SUMIF('💍 Budget Detail'!C:C,C9,'💍 Budget Detail'!D:D),0) | E9: =IFERROR(SUMIF('💍 Budget Detail'!C:C,C9,'💍 Budget Detail'!E:E),0) | F9: =D9-E9 | G9: =IFERROR(E9/D5,0)
C10: Catering | D10: =IFERROR(SUMIF('💍 Budget Detail'!C:C,C10,'💍 Budget Detail'!D:D),0) | E10: =IFERROR(SUMIF('💍 Budget Detail'!C:C,C10,'💍 Budget Detail'!E:E),0) | F10: =D10-E10 | G10: =IFERROR(E10/D5,0)
C11: Photography | D11: =IFERROR(SUMIF('💍 Budget Detail'!C:C,C11,'💍 Budget Detail'!D:D),0) | E11: =IFERROR(SUMIF('💍 Budget Detail'!C:C,C11,'💍 Budget Detail'!E:E),0) | F11: =D11-E11 | G11: =IFERROR(E11/D5,0)
C12: Videography | D12: =IFERROR(SUMIF('💍 Budget Detail'!C:C,C12,'💍 Budget Detail'!D:D),0) | E12: =IFERROR(SUMIF('💍 Budget Detail'!C:C,C12,'💍 Budget Detail'!E:E),0) | F12: =D12-E12 | G12: =IFERROR(E12/D5,0)
C13: Flowers | D13: =IFERROR(SUMIF('💍 Budget Detail'!C:C,C13,'💍 Budget Detail'!D:D),0) | E13: =IFERROR(SUMIF('💍 Budget Detail'!C:C,C13,'💍 Budget Detail'!E:E),0) | F13: =D13-E13 | G13: =IFERROR(E13/D5,0)
C14: Music | D14: =IFERROR(SUMIF('💍 Budget Detail'!C:C,C14,'💍 Budget Detail'!D:D),0) | E14: =IFERROR(SUMIF('💍 Budget Detail'!C:C,C14,'💍 Budget Detail'!E:E),0) | F14: =D14-E14 | G14: =IFERROR(E14/D5,0)
C15: Cake | D15: =IFERROR(SUMIF('💍 Budget Detail'!C:C,C15,'💍 Budget Detail'!D:D),0) | E15: =IFERROR(SUMIF('💍 Budget Detail'!C:C,C15,'💍 Budget Detail'!E:E),0) | F15: =D15-E15 | G15: =IFERROR(E15/D5,0)
C16: Hair & Make-Up | D16: =IFERROR(SUMIF('💍 Budget Detail'!C:C,C16,'💍 Budget Detail'!D:D),0) | E16: =IFERROR(SUMIF('💍 Budget Detail'!C:C,C16,'💍 Budget Detail'!E:E),0) | F16: =D16-E16 | G16: =IFERROR(E16/D5,0)
C17: Attire | D17: =IFERROR(SUMIF('💍 Budget Detail'!C:C,C17,'💍 Budget Detail'!D:D),0) | E17: =IFERROR(SUMIF('💍 Budget Detail'!C:C,C17,'💍 Budget Detail'!E:E),0) | F17: =D17-E17 | G17: =IFERROR(E17/D5,0)
C18: Stationery | D18: =IFERROR(SUMIF('💍 Budget Detail'!C:C,C18,'💍 Budget Detail'!D:D),0) | E18: =IFERROR(SUMIF('💍 Budget Detail'!C:C,C18,'💍 Budget Detail'!E:E),0) | F18: =D18-E18 | G18: =IFERROR(E18/D5,0)
C19: Transport | D19: =IFERROR(SUMIF('💍 Budget Detail'!C:C,C19,'💍 Budget Detail'!D:D),0) | E19: =IFERROR(SUMIF('💍 Budget Detail'!C:C,C19,'💍 Budget Detail'!E:E),0) | F19: =D19-E19 | G19: =IFERROR(E19/D5,0)
C20: Honeymoon | D20: =IFERROR(SUMIF('💍 Budget Detail'!C:C,C20,'💍 Budget Detail'!D:D),0) | E20: =IFERROR(SUMIF('💍 Budget Detail'!C:C,C20,'💍 Budget Detail'!E:E),0) | F20: =D20-E20 | G20: =IFERROR(E20/D5,0)
C21: Miscellaneous | D21: =IFERROR(SUMIF('💍 Budget Detail'!C:C,C21,'💍 Budget Detail'!D:D),0) | E21: =IFERROR(SUMIF('💍 Budget Detail'!C:C,C21,'💍 Budget Detail'!E:E),0) | F21: =D21-E21 | G21: =IFERROR(E21/D5,0)

Sheet 💍 Budget Detail
B2: BUDGET DETAIL
B3: Total Wedding Budget:
B7: # | C7: CATEGORY | D7: ITEM DESCRIPTION | E7: BUDGETED ($) | F7: ACTUAL ($) | G7: PAID ($) | H7: VENDOR | I7: NOTES
B8: 1 | C8: Venue | D8: Ceremony Hire
B9: 2 | C9: Venue | D9: Reception Hire
B10: 3 | C10: Venue | D10: Setup / Bump-in Fee
B11: 4 | C11: Catering | D11: Food Per Head
B12: 5 | C12: Catering | D12: Staffing
B13: 6 | C13: Catering | D13: Equipment Hire
B14: 7 | C14: Photography | D14: Full Day Coverage
B15: 8 | C15: Photography | D15: Second Shooter
B16: 9 | C16: Photography | D16: Album
B17: 10 | C17: Videography | D17: Full Day Film
B18: 11 | C18: Videography | D18: Highlight Reel
B19: 12 | C19: Videography | D19: Raw Footage
... B54: 47 | C54: Miscellaneous | D54: Contingency
B55: TOTALS | E55: =SUM(E8:E54) | F55: =SUM(F8:F54) | G55: =SUM(G8:G54)

Sheet 👥 Guest List
B2: GUEST LIST & RSVP TRACKER
B3: Total Invited | E3: Attending | H3: Declined | K3: Awaiting RSVP
B4: =COUNTA(C8:C500) | E4: =COUNTIF(G8:G500,"Yes") | H4: =COUNTIF(G8:G500,"No") | K4: =COUNTIF(G8:G500,"")
B7: # | C7: FULL NAME | D7: EMAIL ADDRESS | E7: PHONE | F7: SIDE (B/G) | G7: TABLE # | H7: RSVP | I7: MEAL CHOICE | J7: DIETARY | K7: GIFT RECEIVED? | L7: THANK YOU SENT? | M7: NOTES
B8: 1
B9: 2
B10: 3
B11: 4
B12: 5
B13: 6
B14: 7
B15: 8
B16: 9
B17: 10
B18: 11
B19: 12
... B107: 100

Sheet 🏢 Vendor Tracker
B2: VENDOR TRACKER
B7: # | C7: VENDOR TYPE | D7: COMPANY / NAME | E7: CONTACT PERSON | F7: PHONE | G7: EMAIL | H7: BOOKED? | I7: QUOTED ($) | J7: DEPOSIT ($) | K7: BALANCE ($) | L7: DUE DATE | M7: NOTES
B8: 1 | C8: Venue — Ceremony
B9: 2 | C9: Venue — Reception
B10: 3 | C10: Photographer
B11: 4 | C11: Videographer
B12: 5 | C12: Caterer
B13: 6 | C13: Bar / Beverages
B14: 7 | C14: Florist
B15: 8 | C15: DJ / Band
B16: 9 | C16: Wedding Cake
B17: 10 | C17: Hair Stylist
B18: 11 | C18: Make-Up Artist
B19: 12 | C19: Officiant
... B25: 18 | C25: Accommodation

Sheet ⏰ Day-of Timeline
B2: DAY-OF TIMELINE
B7: TIME | C7: EVENT / ACTIVITY | D7: LOCATION | E7: PERSON RESPONSIBLE | F7: DONE?
B8: 6:00 AM | C8: Bride wakes up / morning routine | D8: Bride's home | E8: Bride
B9: 7:00 AM | C9: Hair & Make-Up begins — Bride | D9: Salon / Getting-ready room | E9: Bride, MOH
B10: 8:00 AM | C10: Hair & Make-Up — Bridesmaids | D10: Salon | E10: MOH
B11: 10:00 AM | C11: Photographer arrives for getting-ready shots | D11: Bride's room | E11: Photographer
B12: 11:00 AM | C12: Bridal party dressed and ready | D12: Getting-ready room | E12: MOH
B13: 11:30 AM | C13: Bouquets delivered | D13: Ceremony venue | E13: Florist
B14: 12:00 PM | C14: Guests begin to arrive | D14: Ceremony venue | E14: Ushers
B15: 12:30 PM | C15: Ceremony begins — processional | D15: Ceremony venue | E15: Officiant
B16: 1:00 PM | C16: Ceremony concludes — confetti exit | D16: Ceremony venue | E16: All guests
B17: 1:15 PM | C17: Couple & family photos | D17: Garden / outdoors | E17: Photographer
B18: 2:00 PM | C18: Cocktail hour begins | D18: Cocktail area | E18: MC
B19: 3:30 PM | C19: Guests seated for reception | D19: Reception room | E19: MC
... B29: 10:30 PM | C29: Reception concludes / farewell | D29: Entrance | E29: All

Sheet ✅ Master Checklist
B2: MASTER WEDDING CHECKLIST
C3: Total Tasks: | D3: =COUNTA(D8:D500) | E3: Done: | F3: =COUNTIF(F8:F500,"Done") | G3: =IFERROR(F3/D3,0)
B7: # | C7: TIMEFRAME | D7: TASK | E7: PRIORITY | F7: STATUS | G7: ASSIGNED TO | H7: NOTES
B8: 1 | C8: 12+ Months | D8: Set overall wedding budget | E8: High
B9: 2 | C9: 12+ Months | D9: Choose wedding date | E9: High
B10: 3 | C10: 12+ Months | D10: Create initial guest list | E10: High
B11: 4 | C11: 12+ Months | D11: Book ceremony venue | E11: High
B12: 5 | C12: 12+ Months | D12: Book reception venue | E12: High
B13: 6 | C13: 12+ Months | D13: Hire wedding planner (if using) | E13: Medium
B14: 7 | C14: 12+ Months | D14: Start wedding dress shopping | E14: Medium
B15: 8 | C15: 12+ Months | D15: Book photographer | E15: High
B16: 9 | C16: 12+ Months | D16: Book videographer | E16: High
B17: 10 | C17: 9-12 Months | D17: Book caterer | E17: High
B18: 11 | C18: 9-12 Months | D18: Book florist | E18: High
B19: 12 | C19: 9-12 Months | D19: Book DJ / band | E19: High
... B57: 50 | C57: Wedding Week | D57: Relax and enjoy your rehearsal! | E57: High

Sheet 💐 Bridal Party
B2: BRIDAL PARTY DETAILS
B7: # | C7: ROLE | D7: FULL NAME | E7: PHONE | F7: EMAIL | G7: ATTIRE SIZE | H7: COLOUR / STYLE | I7: GIFT GIVEN | J7: NOTES
B8: 1 | C8: Bride
B9: 2 | C9: Maid of Honour
B10: 3 | C10: Bridesmaid 1
B11: 4 | C11: Bridesmaid 2
B12: 5 | C12: Bridesmaid 3
B13: 6 | C13: Bridesmaid 4
B14: 7 | C14: Flower Girl
B15: 8 | C15: Groom
B16: 9 | C16: Best Man
B17: 10 | C17: Groomsman 1
B18: 11 | C18: Groomsman 2
B19: 12 | C19: Groomsman 3
... B25: 18 | C25: Father of Groom

Sheet 🪑 Seating Chart
B2: SEATING CHART
B7: TABLE # | C7: GUEST NAME | D7: DIETARY / MEAL | E7: SEAT #

Sheet 🎁 Gift Registry
B2: GIFT REGISTRY & TRACKER
C3: Total Gifts: | D3: =COUNTA(C8:C500) | F3: Thank You Sent: | G3: =COUNTIF(H8:H500,"Yes")
B7: # | C7: GIFT DESCRIPTION | D7: FROM (GUEST NAME) | E7: DATE RECEIVED | F7: VALUE ($) | G7: STORE / REGISTRY | H7: THANK YOU SENT? | I7: NOTES
B8: 1
B9: 2
B10: 3
B11: 4
B12: 5
B13: 6
B14: 7
B15: 8
B16: 9
B17: 10
B18: 11
B19: 12
... B107: 100

Sheet ✈️ Honeymoon
B2: HONEYMOON PLANNER
B4: TRIP OVERVIEW
B5: Destination
B6: Departure Date
D7: Return Date
B8: Total Budget ($)
D9: Amount Paid ($)
B10: Balance Due ($)
D11: Travel Insurance Ref
B18: FLIGHTS & ACCOMMODATION
B19: ITEM | C19: DETAIL | D19: CONFIRMATION # | E19: DATE / TIME | F19: NOTES
B20: Outbound Flight
B21: Return Flight
B22: Hotel / Resort
B23: Transfer (Arrival)
B24: Transfer (Departure)
B25: Restaurant Reservation 1
B26: Restaurant Reservation 2
B27: Activity / Excursion 1
B28: Activity / Excursion 2
